submission_id,timestamp_utc,name,email,phone,department,subject,priority,description,attachments
20251128174328188179,2025-11-28T17:43:28.188179Z,Gil C,gil.clarke@test.com,8048737994,IT,TEST,Medium,TEST 14,
20251128175519136622,2025-11-28T17:55:19.136622Z,Gil C,gil.clarke@test.com,8048737994,IT,TEST,Medium,TEST 14,
20251128184111282788,2025-11-28T18:41:11.282788Z,Gil Clarke,gil.clarke@test.com,8048737994,IT,TEST 14,Medium,test,
20251128184150008032,2025-11-28T18:41:50.008032Z,Gil Clarke,gil.clarke@test.com,8048737994,IT,TEST 14,Medium,test,
20251128201414523680,2025-11-28T20:14:14.523680Z,Gil Clarke,gil.clarke@test.com,8048737994,IT,TEST 14,Medium,test,
20251128201906243576,2025-11-28T20:19:06.243576Z,Gil Clarke,gil.clarke@test.com,8048737994,IT,TEST 15,High,TEST 15,
20251128203145377766,2025-11-28T20:31:45.377766Z,Gil Clarke,gil.clarke@test.com,8048737994,IT,TEST 16,Medium,test 17,
20251128204531672773,2025-11-28T20:45:31.672773Z,Gil Clarke,gil.clarke@test.com,8048737994,IT,TEST 17,Medium,test 17,
20251128224522162343,2025-11-28T22:45:22.162343Z,Gil Clarke,gil.clarke@test.com,8048737994,IT,Test 18,Medium,,
20251128225335129370,2025-11-28T22:53:35.129370Z,Gil Clarke,gil.clarke@test.com,8048737994,IT,test 19,Medium,test 19,
20251128225824406281,2025-11-28T22:58:24.406281Z,Gil Clarke,gil.clarke@test.com,8048737994,IT,test 20,Medium,test 20,
